Aceite,202071557,3LEIC12,3LEIC04,L.EIC021
Aceite,202071557,3LEIC08,3LEIC02,L.EIC022
Aceite,202070537,3LEIC04,3LEIC01,L.EIC025
Aceite,202070537,3LEIC04,3LEIC01,L.EIC025
Aceite,202070537,,2LEIC02,L.EIC015
Aceite,202070537,,2LEIC02,L.EIC015
Aceite,202070537,,2LEIC02,L.EIC015
Aceite,202070537,2LEIC02,,L.EIC015
Aceite,202070537,3LEIC04,3LEIC01,L.EIC025
Rejeitado,202070537,3LEIC04,3LEIC01,L.EIC025
Rejeitado,202070537,3LEIC04,3LEIC01,L.EIC025
Aceite,202070537,3LEIC04,3LEIC01,L.EIC025
Aceite,202070537,3LEIC04,3LEIC01,L.EIC025
Aceite,202070537,3LEIC04,3LEIC01,L.EIC025
